{
  "properties": {
    "connectionReferences": {},
    "definition": {
      "$schema": "https://schema.management.azure.com/providers/Microsoft.Logic/schemas/2016-06-01/workflowdefinition.json#",
      "contentVersion": "1.0.0.0",
      "parameters": {
        "$authentication": {
          "defaultValue": {},
          "type": "SecureObject"
        }
      },
      "triggers": {
        "manual": {
          "metadata": {
            "operationMetadataId": "bbc4cfbe-0bc5-4a62-97c0-4392b3f6856a"
          },
          "type": "Request",
          "kind": "Button",
          "inputs": {
            "schema": {
              "type": "object",
              "properties": {},
              "required": []
            }
          }
        }
      },
      "actions": {
        "Compose": {
          "runAfter": {
            "Go_through_all_the_file_names": [
              "Succeeded"
            ]
          },
          "metadata": {
            "operationMetadataId": "b0d586d1-de78-4c07-916c-d3281f7785c7"
          },
          "type": "Compose",
          "inputs": "@variables('File Versions')"
        },
        "All_File_Names": {
          "runAfter": {
            "Cur_File_Name_Versions": [
              "Succeeded"
            ]
          },
          "metadata": {
            "operationMetadataId": "8050fde4-2b20-4bb6-b492-7b8be2361d15"
          },
          "type": "InitializeVariable",
          "inputs": {
            "variables": [
              {
                "name": "All File Names",
                "type": "array",
                "value": [
                  "Test file_v3",
                  "Test file_v1",
                  "Test file_v2"
                ]
              }
            ]
          }
        },
        "File_Versions": {
          "runAfter": {
            "All_File_Names": [
              "Succeeded"
            ]
          },
          "metadata": {
            "operationMetadataId": "94f55ed0-5320-43a6-b179-c592546ff164"
          },
          "type": "InitializeVariable",
          "inputs": {
            "variables": [
              {
                "name": "File Versions",
                "type": "array"
              }
            ]
          }
        },
        "Go_through_all_the_file_names": {
          "foreach": "@variables('All File Names')",
          "actions": {
            "Clear_Cur_File_Name": {
              "runAfter": {},
              "metadata": {
                "operationMetadataId": "e36b326e-22c3-4952-8c45-595596bfac00"
              },
              "type": "SetVariable",
              "inputs": {
                "name": "Cur File Name",
                "value": "@{null}"
              }
            },
            "Set_Cur_File_Name": {
              "runAfter": {
                "Clear_Cur_File_Name": [
                  "Succeeded"
                ]
              },
              "metadata": {
                "operationMetadataId": "1fc60f1c-496b-48b9-97e8-6d3f0e60f9e7"
              },
              "type": "SetVariable",
              "inputs": {
                "name": "Cur File Name",
                "value": "@{items('Go_through_all_the_file_names')}"
              }
            },
            "File_version": {
              "runAfter": {
                "Set_Cur_File_Name": [
                  "Succeeded"
                ]
              },
              "metadata": {
                "operationMetadataId": "7b15104a-b859-4495-a74c-6ddf0b21ad38"
              },
              "type": "Compose",
              "inputs": "@substring(variables('Cur File Name'), add(lastIndexOf(variables('Cur File Name'),'v'), 1))"
            },
            "File_Name": {
              "runAfter": {
                "File_version": [
                  "Succeeded"
                ]
              },
              "metadata": {
                "operationMetadataId": "236753c7-bb14-46b5-b6a5-b39e3791727e"
              },
              "type": "Compose",
              "inputs": "@substring(variables('Cur File Name'),0,lastIndexOf(variables('Cur File Name'),'_'))"
            },
            "Condition": {
              "actions": {
                "Get_the_file_name_in_file_versions_array": {
                  "foreach": "@variables('File Versions')",
                  "actions": {
                    "Clear_Cur_File_Name_Versions": {
                      "runAfter": {},
                      "metadata": {
                        "operationMetadataId": "daba9d26-dafb-4258-9a6a-185e9b513ec5"
                      },
                      "type": "SetVariable",
                      "inputs": {
                        "name": "Cur File Name Versions",
                        "value": "@{null}"
                      }
                    },
                    "Set_Cur_File_Name_Versions": {
                      "runAfter": {
                        "Clear_Cur_File_Name_Versions": [
                          "Succeeded"
                        ]
                      },
                      "metadata": {
                        "operationMetadataId": "d3eb558e-eafa-43fb-ad46-3d1454d39974"
                      },
                      "type": "SetVariable",
                      "inputs": {
                        "name": "Cur File Name Versions",
                        "value": "@{items('Get_the_file_name_in_file_versions_array')}"
                      }
                    },
                    "Increment_variable": {
                      "runAfter": {
                        "Check_if_files_has_same_name_without_versions": [
                          "Succeeded"
                        ]
                      },
                      "metadata": {
                        "operationMetadataId": "e6b5962a-0841-4ed1-aa86-5bd4f984e1be"
                      },
                      "type": "IncrementVariable",
                      "inputs": {
                        "name": "Array Index",
                        "value": 1
                      }
                    },
                    "Current_Version_File_-_Name": {
                      "runAfter": {
                        "Set_Cur_File_Name_Versions": [
                          "Succeeded"
                        ]
                      },
                      "metadata": {
                        "operationMetadataId": "aae9e4fb-c0b7-4971-b130-a73ce6638b72"
                      },
                      "type": "Compose",
                      "inputs": "@substring(variables('Cur File Name Versions'),0,lastIndexOf(variables('Cur File Name Versions'),'_'))"
                    },
                    "Check_if_files_has_same_name_without_versions": {
                      "actions": {
                        "Cur_File_Version_-_Version": {
                          "runAfter": {},
                          "metadata": {
                            "operationMetadataId": "ffe531ad-6612-4587-a03a-36113edd4b8d"
                          },
                          "type": "Compose",
                          "inputs": "@substring(variables('Cur File Name Versions'), add(lastIndexOf(variables('Cur File Name Versions'),'v'), 1))"
                        },
                        "Compare_versions": {
                          "actions": {
                            "Compose_2": {
                              "runAfter": {},
                              "metadata": {
                                "operationMetadataId": "606e1d03-9432-491c-ac66-e85d395a8037"
                              },
                              "type": "Compose",
                              "inputs": "@replace(outputs('File_Versions_String'),variables('Cur File Name Versions'),variables('Cur File Name'))"
                            },
                            "Set_variable": {
                              "runAfter": {
                                "Compose_2": [
                                  "Succeeded"
                                ]
                              },
                              "metadata": {
                                "operationMetadataId": "7c255e8b-f552-4105-bfb2-eb3413ec83f2"
                              },
                              "type": "SetVariable",
                              "inputs": {
                                "name": "File Versions",
                                "value": "@split(outputs('Compose_2'),',')"
                              }
                            }
                          },
                          "runAfter": {
                            "Cur_File_Version_-_Version": [
                              "Succeeded"
                            ]
                          },
                          "expression": {
                            "greater": [
                              "@int(outputs('File_version'))",
                              "@int(outputs('Cur_File_Version_-_Version'))"
                            ]
                          },
                          "metadata": {
                            "operationMetadataId": "69315797-0ca3-43a6-b84c-060793fea11c"
                          },
                          "type": "If"
                        }
                      },
                      "runAfter": {
                        "Current_Version_File_-_Name": [
                          "Succeeded"
                        ]
                      },
                      "expression": {
                        "equals": [
                          "@outputs('Current_Version_File_-_Name')",
                          "@outputs('File_Name')"
                        ]
                      },
                      "metadata": {
                        "operationMetadataId": "9820a794-6703-4185-9739-bf69c7868857"
                      },
                      "type": "If"
                    }
                  },
                  "runAfter": {},
                  "metadata": {
                    "operationMetadataId": "d19f196a-a855-4b55-859d-832bde9f5657"
                  },
                  "type": "Foreach"
                }
              },
              "runAfter": {
                "File_Versions_String": [
                  "Succeeded"
                ]
              },
              "else": {
                "actions": {
                  "Append_to_array_variable": {
                    "runAfter": {},
                    "metadata": {
                      "operationMetadataId": "76124ab2-aa1a-42c1-9351-034d52c4247c"
                    },
                    "type": "AppendToArrayVariable",
                    "inputs": {
                      "name": "File Versions",
                      "value": "@variables('Cur File Name')"
                    }
                  }
                }
              },
              "expression": {
                "contains": [
                  "@outputs('File_Versions_String')",
                  "@outputs('File_Name')"
                ]
              },
              "metadata": {
                "operationMetadataId": "6a75b0aa-63c8-4726-88bb-d7286f60055e"
              },
              "type": "If"
            },
            "File_Versions_String": {
              "runAfter": {
                "File_Name": [
                  "Succeeded"
                ]
              },
              "metadata": {
                "operationMetadataId": "e95b9887-3c8f-4655-8c33-e19d2bd23ad8"
              },
              "type": "Compose",
              "inputs": "@join(variables('File Versions'),',')"
            }
          },
          "runAfter": {
            "File_Versions": [
              "Succeeded"
            ]
          },
          "metadata": {
            "operationMetadataId": "6bf0c595-3562-424c-8241-efe3e4e3d784"
          },
          "type": "Foreach"
        },
        "Cur_File_Name": {
          "runAfter": {
            "Array_index": [
              "Succeeded"
            ]
          },
          "metadata": {
            "operationMetadataId": "b375df61-ed3a-4804-80cb-7d3919759d35"
          },
          "type": "InitializeVariable",
          "inputs": {
            "variables": [
              {
                "name": "Cur File Name",
                "type": "string"
              }
            ]
          }
        },
        "Array_index": {
          "runAfter": {},
          "metadata": {
            "operationMetadataId": "35a1964f-54f7-4403-936f-1c258ac0a13a"
          },
          "type": "InitializeVariable",
          "inputs": {
            "variables": [
              {
                "name": "Array Index",
                "type": "integer",
                "value": 0
              }
            ]
          }
        },
        "Cur_File_Name_Versions": {
          "runAfter": {
            "Cur_File_Name": [
              "Succeeded"
            ]
          },
          "metadata": {
            "operationMetadataId": "ed92aa5a-e8f5-46df-bb8e-f880c0775d34"
          },
          "type": "InitializeVariable",
          "inputs": {
            "variables": [
              {
                "name": "Cur File Name Versions",
                "type": "string"
              }
            ]
          }
        }
      }
    },
    "templateName": ""
  },
  "schemaVersion": "1.0.0.0"
}